size,tightness,seed,event,traps,missions,greedy_n,greedy_value,greedy_ms,greedy_viol,opt_n,opt_value,opt_ms,opt_status,opt_viol,affected,patch_retained,patch_changed,patch_ms,patch_viol,patch_status,scratch_retained,scratch_changed,scratch_ms,scratch_viol,scratch_status,minchurn_retained,minchurn_changed,minchurn_ms,minchurn_viol,minchurn_status
S,0.9,0,aircraft_out,1,23,15,671,1.4,0,17,791,114.2,OPTIMAL,0,2,95.7,2,2.7,0,GREEDY,100.0,6,93.5,0,OPTIMAL,100.0,2,173.7,0,OPTIMAL
S,0.9,1,aircraft_out,1,23,14,685,2.4,0,17,826,127.0,OPTIMAL,0,2,85.84,2,4.0,0,GREEDY,93.46,7,101.7,0,OPTIMAL,93.46,3,94.7,0,OPTIMAL
S,0.9,2,aircraft_out,1,23,12,512,2.6,0,15,658,130.2,OPTIMAL,0,2,90.73,2,1.8,0,GREEDY,100.0,10,92.9,0,OPTIMAL,90.73,2,73.5,0,OPTIMAL
S,0.9,3,aircraft_out,1,23,13,743,2.3,0,15,863,94.4,OPTIMAL,0,2,87.72,2,3.0,0,GREEDY,95.94,9,57.4,0,OPTIMAL,95.94,3,47.1,0,OPTIMAL
S,0.9,4,aircraft_out,1,23,13,710,1.7,0,17,904,85.2,OPTIMAL,0,2,86.73,2,1.7,0,GREEDY,86.73,8,64.0,0,OPTIMAL,86.73,2,77.8,0,OPTIMAL
S,0.9,5,aircraft_out,1,23,16,648,1.9,0,19,788,132.5,OPTIMAL,0,3,87.44,3,2.0,0,GREEDY,87.44,8,67.7,0,OPTIMAL,87.44,3,63.0,0,OPTIMAL
S,0.9,6,aircraft_out,1,23,13,673,1.3,0,18,868,101.3,OPTIMAL,0,3,88.36,3,2.6,0,GREEDY,97.7,12,72.2,0,OPTIMAL,97.7,4,47.8,0,OPTIMAL
S,0.9,7,aircraft_out,1,23,12,519,1.2,0,14,640,78.2,OPTIMAL,0,3,91.25,3,1.9,0,GREEDY,96.72,8,44.9,0,OPTIMAL,91.25,3,47.0,0,OPTIMAL
S,0.9,8,aircraft_out,1,23,15,902,1.2,0,19,1111,136.9,OPTIMAL,0,3,92.98,3,1.8,0,GREEDY,92.98,11,73.2,0,OPTIMAL,92.98,3,64.0,0,OPTIMAL
S,0.9,9,aircraft_out,1,23,13,617,1.0,0,15,737,57.6,OPTIMAL,0,2,89.01,2,1.8,0,GREEDY,89.01,8,44.5,0,OPTIMAL,89.01,2,31.4,0,OPTIMAL
S,1.1,0,aircraft_out,1,23,11,509,1.0,0,13,629,79.5,OPTIMAL,0,2,80.92,2,1.8,0,GREEDY,81.24,9,44.1,0,OPTIMAL,80.92,2,32.0,0,OPTIMAL
S,1.1,1,aircraft_out,1,23,13,653,1.1,0,16,804,91.2,OPTIMAL,0,2,91.92,2,1.8,0,GREEDY,91.92,10,72.8,0,OPTIMAL,91.92,2,47.8,0,OPTIMAL
S,1.1,2,aircraft_out,1,23,12,591,1.0,0,14,711,83.3,OPTIMAL,0,2,83.12,2,1.9,0,GREEDY,83.12,9,55.3,0,OPTIMAL,83.12,2,61.1,0,OPTIMAL
S,1.1,3,aircraft_out,1,23,12,714,1.6,0,17,1005,70.1,OPTIMAL,0,2,83.58,2,1.7,0,GREEDY,96.32,12,63.0,0,OPTIMAL,96.32,3,58.7,0,OPTIMAL
S,1.1,4,aircraft_out,1,23,12,670,2.0,0,14,790,103.2,OPTIMAL,0,2,78.86,2,1.9,0,GREEDY,97.72,6,89.1,0,OPTIMAL,97.72,4,47.0,0,OPTIMAL
S,1.1,5,aircraft_out,1,23,14,606,1.8,0,17,746,134.7,OPTIMAL,0,2,87.4,2,2.0,0,GREEDY,87.4,6,59.4,0,OPTIMAL,87.4,2,63.4,0,OPTIMAL
S,1.1,6,aircraft_out,1,23,14,666,1.3,0,18,825,156.8,OPTIMAL,0,3,84.0,3,1.8,0,GREEDY,89.45,11,94.2,0,OPTIMAL,88.24,4,45.2,0,OPTIMAL
S,1.1,7,aircraft_out,1,23,12,517,1.1,0,14,650,140.1,OPTIMAL,0,2,81.54,2,5.7,0,GREEDY,81.54,7,186.8,0,OPTIMAL,81.54,2,172.9,0,OPTIMAL
S,1.1,8,aircraft_out,1,23,12,718,2.3,0,15,858,213.8,OPTIMAL,0,2,86.01,2,5.5,0,GREEDY,86.01,11,159.9,0,OPTIMAL,86.01,2,102.4,0,OPTIMAL
S,1.1,9,aircraft_out,1,23,12,577,3.5,0,15,724,269.4,OPTIMAL,0,2,100.0,2,5.5,0,GREEDY,100.0,11,204.8,0,OPTIMAL,100.0,2,122.6,0,OPTIMAL
M,0.9,0,aircraft_out,1,53,33,1654,12.9,0,39,1885,6231.8,OPTIMAL,0,3,89.39,3,6.4,0,GREEDY,95.33,25,768.8,0,OPTIMAL,89.39,3,311.0,0,OPTIMAL
M,0.9,1,aircraft_out,1,53,40,1888,3.9,0,46,2103,1761.2,OPTIMAL,0,3,97.53,3,4.5,0,GREEDY,99.48,29,841.3,0,OPTIMAL,97.53,3,334.0,0,OPTIMAL
M,0.9,2,aircraft_out,1,53,32,1456,5.0,0,36,1631,1980.2,OPTIMAL,0,3,98.84,3,3.4,0,GREEDY,100.0,19,255.5,0,OPTIMAL,98.84,3,177.4,0,OPTIMAL
M,0.9,3,aircraft_out,1,53,37,1390,2.9,0,40,1528,5204.9,OPTIMAL,0,2,100.0,2,7.7,0,GREEDY,100.0,24,733.3,0,OPTIMAL,100.0,2,309.0,0,OPTIMAL
M,0.9,4,aircraft_out,1,53,41,1933,4.8,0,49,2193,10097.8,FEASIBLE,0,3,100.0,3,4.7,0,GREEDY,100.0,27,10107.1,0,FEASIBLE,100.0,3,383.6,0,OPTIMAL
M,0.9,5,aircraft_out,1,53,38,1970,6.1,0,45,2169,10134.3,OPTIMAL,0,3,95.25,3,6.5,0,GREEDY,100.0,26,1275.5,0,OPTIMAL,99.49,5,436.1,0,OPTIMAL
M,0.9,6,aircraft_out,1,53,35,1807,6.1,0,42,2120,3974.6,OPTIMAL,0,3,100.0,3,4.8,0,GREEDY,100.0,23,855.2,0,OPTIMAL,100.0,3,454.7,0,OPTIMAL
M,0.9,7,aircraft_out,1,53,38,1708,8.6,0,50,2070,10102.6,FEASIBLE,0,3,90.87,3,5.4,0,GREEDY,98.07,29,10096.7,0,FEASIBLE,97.34,5,635.8,0,OPTIMAL
M,0.9,8,aircraft_out,1,53,36,1603,6.7,0,42,1813,10115.5,FEASIBLE,0,2,100.0,2,5.8,0,GREEDY,100.0,29,1709.4,0,OPTIMAL,100.0,2,306.1,0,OPTIMAL
M,0.9,9,aircraft_out,1,53,39,1703,3.7,0,43,1854,10103.5,FEASIBLE,0,3,100.0,3,4.2,0,GREEDY,100.0,27,6599.5,0,OPTIMAL,100.0,3,345.0,0,OPTIMAL
M,1.1,0,aircraft_out,1,53,29,1369,4.7,0,33,1584,1877.3,OPTIMAL,0,3,100.0,3,4.2,0,GREEDY,100.0,20,459.4,0,OPTIMAL,100.0,3,238.7,0,OPTIMAL
M,1.1,1,aircraft_out,1,53,34,1616,2.6,0,41,1827,1504.7,OPTIMAL,0,3,87.52,3,6.7,0,GREEDY,98.41,26,525.1,0,OPTIMAL,98.41,5,384.3,0,OPTIMAL
M,1.1,2,aircraft_out,1,53,32,1457,6.0,0,36,1610,560.9,OPTIMAL,0,3,100.0,3,5.1,0,GREEDY,100.0,19,308.0,0,OPTIMAL,100.0,3,207.9,0,OPTIMAL
M,1.1,3,aircraft_out,1,53,31,1206,2.5,0,36,1376,667.8,OPTIMAL,0,3,96.08,3,3.8,0,GREEDY,100.0,18,370.7,0,OPTIMAL,100.0,5,238.1,0,OPTIMAL
M,1.1,4,aircraft_out,1,53,31,1593,2.6,0,35,1755,595.7,OPTIMAL,0,3,100.0,3,9.0,0,GREEDY,100.0,20,449.9,0,OPTIMAL,100.0,3,236.5,0,OPTIMAL
M,1.1,5,aircraft_out,1,53,36,1940,2.4,0,40,2104,805.0,OPTIMAL,0,2,95.44,2,12.6,0,GREEDY,100.0,25,675.0,0,OPTIMAL,100.0,3,235.6,0,OPTIMAL
M,1.1,6,aircraft_out,1,53,33,1737,3.2,0,39,2033,1491.8,OPTIMAL,0,2,97.0,2,6.5,0,GREEDY,98.43,25,836.1,0,OPTIMAL,97.0,2,255.0,0,OPTIMAL
M,1.1,7,aircraft_out,1,53,30,1336,2.7,0,36,1608,10106.5,FEASIBLE,0,2,94.03,2,6.8,0,GREEDY,97.95,20,861.6,0,OPTIMAL,97.39,3,322.1,0,OPTIMAL
M,1.1,8,aircraft_out,1,53,27,1131,3.8,0,32,1317,647.5,OPTIMAL,0,2,94.53,2,3.9,0,GREEDY,97.49,17,524.8,0,OPTIMAL,97.49,3,201.9,0,OPTIMAL
M,1.1,9,aircraft_out,1,53,33,1618,5.3,0,40,1831,1383.5,OPTIMAL,0,2,98.2,2,8.0,0,GREEDY,99.45,23,1921.4,0,OPTIMAL,98.2,2,379.3,0,OPTIMAL
