size,tightness,seed,event,traps,missions,greedy_n,greedy_value,greedy_ms,greedy_viol,opt_n,opt_value,opt_ms,opt_status,opt_viol,opt_gap_pct,affected,patch_retained,patch_changed,patch_ms,patch_viol,patch_status,scratch_retained,scratch_changed,scratch_ms,scratch_viol,scratch_status,minchurn_retained,minchurn_changed,minchurn_ms,minchurn_viol,minchurn_status
S,0.9,0,aircraft_out,0,20,14,571,0.9,0,14,571,73.2,OPTIMAL,0,0.0,2,94.05,2,1.3,0,GREEDY,100.0,10,62.0,0,OPTIMAL,100.0,2,60.4,0,OPTIMAL
S,0.9,1,aircraft_out,0,20,13,585,0.7,0,14,606,55.9,OPTIMAL,0,0.32,3,71.45,3,1.3,0,GREEDY,91.09,9,49.3,0,OPTIMAL,91.09,4,48.0,0,OPTIMAL
S,0.9,2,aircraft_out,0,20,11,412,0.9,0,12,438,97.8,OPTIMAL,0,0.15,2,95.66,2,2.8,0,GREEDY,95.66,8,50.2,0,OPTIMAL,95.66,2,48.6,0,OPTIMAL
S,0.9,3,aircraft_out,0,20,12,643,1.0,0,12,643,60.7,OPTIMAL,0,0.27,2,83.51,2,1.8,0,GREEDY,94.56,6,68.2,0,OPTIMAL,94.56,3,49.9,0,OPTIMAL
S,0.9,4,aircraft_out,0,20,12,610,1.3,0,14,684,64.6,OPTIMAL,0,0.3,2,100.0,2,1.2,0,GREEDY,100.0,8,49.8,0,OPTIMAL,100.0,2,46.6,0,OPTIMAL
S,0.9,5,aircraft_out,0,20,15,548,0.7,0,16,568,82.7,OPTIMAL,0,0.3,2,100.0,2,1.3,0,GREEDY,100.0,6,48.8,0,OPTIMAL,100.0,2,49.9,0,OPTIMAL
S,0.9,6,aircraft_out,0,20,12,573,0.8,0,15,648,83.0,OPTIMAL,0,0.4,3,84.41,3,2.2,0,GREEDY,96.91,10,50.8,0,OPTIMAL,96.91,4,30.6,0,OPTIMAL
S,0.9,7,aircraft_out,0,20,11,419,0.8,0,11,420,47.0,OPTIMAL,0,0.31,3,86.67,3,1.2,0,GREEDY,95.0,8,44.8,0,OPTIMAL,86.67,3,34.2,0,OPTIMAL
S,0.9,8,aircraft_out,0,20,14,802,0.8,0,16,891,81.8,OPTIMAL,0,0.0,3,91.25,3,1.2,0,GREEDY,91.25,9,47.7,0,OPTIMAL,91.25,3,48.4,0,OPTIMAL+HINT
S,0.9,9,aircraft_out,0,20,12,517,0.6,0,12,517,35.4,OPTIMAL,0,0.13,2,84.33,2,1.1,0,GREEDY,84.33,6,29.7,0,OPTIMAL,84.33,2,15.1,0,OPTIMAL
S,1.1,0,aircraft_out,0,20,10,409,0.8,0,10,409,51.0,OPTIMAL,0,0.48,1,100.0,1,1.4,0,GREEDY,100.49,8,48.3,0,OPTIMAL,100.0,1,31.7,0,OPTIMAL
S,1.1,1,aircraft_out,0,20,12,553,0.7,0,13,584,66.6,OPTIMAL,0,0.36,2,96.58,2,1.1,0,GREEDY,100.0,5,47.3,0,OPTIMAL,100.0,2,31.6,0,OPTIMAL
S,1.1,2,aircraft_out,0,20,11,491,0.7,0,11,491,51.1,OPTIMAL,0,0.07,2,92.26,2,1.2,0,GREEDY,95.72,8,49.3,0,OPTIMAL,92.26,2,31.3,0,OPTIMAL
S,1.1,3,aircraft_out,0,20,11,614,0.6,0,14,785,52.4,OPTIMAL,0,0.2,2,91.72,2,1.1,0,GREEDY,95.16,9,45.5,0,OPTIMAL,91.72,2,33.5,0,OPTIMAL
S,1.1,4,aircraft_out,0,20,11,570,0.6,0,11,570,66.9,OPTIMAL,0,0.0,2,70.7,2,1.3,0,GREEDY,96.84,8,64.3,0,OPTIMAL,96.84,4,45.3,0,OPTIMAL
S,1.1,5,aircraft_out,0,20,13,506,0.8,0,14,526,104.1,OPTIMAL,0,0.0,2,82.13,2,1.3,0,GREEDY,82.13,6,45.0,0,OPTIMAL,82.13,2,47.3,0,OPTIMAL
S,1.1,6,aircraft_out,0,20,13,566,0.7,0,15,605,102.0,OPTIMAL,0,0.31,3,78.18,3,1.2,0,GREEDY,85.62,12,64.0,0,OPTIMAL,83.97,4,45.4,0,OPTIMAL
S,1.1,7,aircraft_out,0,20,11,417,0.7,0,11,430,53.4,OPTIMAL,0,0.0,2,86.51,2,1.2,0,GREEDY,90.7,6,32.7,0,OPTIMAL,90.7,3,31.1,0,OPTIMAL
S,1.1,8,aircraft_out,0,20,11,618,0.7,0,12,638,51.1,OPTIMAL,0,0.2,2,91.22,2,1.2,0,GREEDY,96.87,9,47.6,0,OPTIMAL,91.22,2,32.2,0,OPTIMAL+HINT
S,1.1,9,aircraft_out,0,20,11,477,0.6,0,12,504,51.3,OPTIMAL,0,0.46,2,85.71,2,1.2,0,GREEDY,89.09,8,28.0,0,OPTIMAL,85.71,2,35.4,0,OPTIMAL
M,0.9,0,aircraft_out,0,50,32,1554,2.1,0,36,1665,3920.1,OPTIMAL,0,0.47,3,87.99,3,2.7,0,GREEDY,94.71,25,823.7,0,OPTIMAL,87.99,3,214.9,0,OPTIMAL
M,0.9,1,aircraft_out,0,50,39,1788,2.3,0,43,1883,1666.9,OPTIMAL,0,0.48,3,97.19,3,7.9,0,GREEDY,100.0,27,940.9,0,OPTIMAL,98.99,4,396.0,0,OPTIMAL
M,0.9,2,aircraft_out,0,50,31,1356,3.3,0,33,1411,2726.7,OPTIMAL,0,0.49,2,100.0,2,5.7,0,GREEDY,100.0,20,275.2,0,OPTIMAL,100.0,2,224.4,0,OPTIMAL
M,0.9,3,aircraft_out,0,50,36,1290,2.3,0,37,1308,7469.9,OPTIMAL,0,0.49,3,100.0,3,3.0,0,GREEDY,100.0,25,1040.0,0,OPTIMAL,100.0,3,332.8,0,OPTIMAL
M,0.9,4,aircraft_out,0,50,40,1833,6.2,0,46,1973,10151.9,FEASIBLE,0,1.24,3,100.0,3,10.7,0,GREEDY,100.0,33,10141.6,0,FEASIBLE,100.0,3,577.1,0,OPTIMAL
M,0.9,5,aircraft_out,0,50,37,1870,4.3,0,42,1949,10116.4,FEASIBLE,0,0.57,3,89.28,3,9.3,0,GREEDY,100.0,28,1636.5,0,OPTIMAL,100.0,4,603.6,0,OPTIMAL
M,0.9,6,aircraft_out,0,50,34,1707,7.0,0,39,1900,10156.9,FEASIBLE,0,0.56,3,100.0,3,5.6,0,GREEDY,100.0,23,1604.0,0,OPTIMAL,100.0,3,624.3,0,OPTIMAL
M,0.9,7,aircraft_out,0,50,37,1608,6.2,0,47,1850,10228.6,FEASIBLE,0,1.8,3,91.08,3,11.2,0,GREEDY,97.84,30,10140.6,0,FEASIBLE,95.35,6,1508.6,0,OPTIMAL
M,0.9,8,aircraft_out,0,50,35,1503,8.3,0,39,1593,10143.3,FEASIBLE,0,0.59,2,100.0,2,8.5,0,GREEDY,100.0,24,1796.4,0,OPTIMAL,100.0,2,471.3,0,OPTIMAL
M,0.9,9,aircraft_out,0,50,38,1603,5.4,0,40,1634,10109.6,FEASIBLE,0,0.86,3,100.0,3,5.2,0,GREEDY,100.0,26,8446.0,0,OPTIMAL,100.0,3,420.1,0,OPTIMAL
M,1.1,0,aircraft_out,0,50,28,1269,4.0,0,30,1364,1894.7,OPTIMAL,0,0.28,3,100.0,3,7.9,0,GREEDY,100.0,17,778.5,0,OPTIMAL,100.0,3,294.6,0,OPTIMAL
M,1.1,1,aircraft_out,0,50,33,1516,4.9,0,38,1607,1082.1,OPTIMAL,0,0.45,3,85.81,3,10.9,0,GREEDY,98.2,27,535.5,0,OPTIMAL,98.2,5,401.8,0,OPTIMAL
M,1.1,2,aircraft_out,0,50,31,1357,5.9,0,33,1390,544.1,OPTIMAL,0,0.49,3,100.0,3,5.7,0,GREEDY,100.0,21,408.7,0,OPTIMAL,100.0,3,250.0,0,OPTIMAL
M,1.1,3,aircraft_out,0,50,30,1106,5.7,0,33,1156,858.4,OPTIMAL,0,0.29,3,95.33,3,6.0,0,GREEDY,100.0,26,473.9,0,OPTIMAL,100.0,4,248.8,0,OPTIMAL
M,1.1,4,aircraft_out,0,50,30,1493,5.6,0,32,1535,591.6,OPTIMAL,0,0.3,3,100.0,3,5.1,0,GREEDY,100.0,22,441.0,0,OPTIMAL,100.0,3,259.2,0,OPTIMAL
M,1.1,5,aircraft_out,0,50,35,1840,3.9,0,37,1884,706.4,OPTIMAL,0,0.32,2,100.0,2,5.0,0,GREEDY,100.0,25,995.7,0,OPTIMAL,100.0,2,341.1,0,OPTIMAL
M,1.1,6,aircraft_out,0,50,32,1637,8.2,0,36,1813,2390.8,OPTIMAL,0,0.3,3,100.0,3,16.1,0,GREEDY,100.0,26,1035.0,0,OPTIMAL,100.0,3,357.8,0,OPTIMAL
M,1.1,7,aircraft_out,0,50,29,1236,6.9,0,33,1388,9395.6,OPTIMAL,0,0.26,2,94.52,2,8.4,0,GREEDY,96.76,21,1213.3,0,OPTIMAL,96.54,3,344.1,0,OPTIMAL
M,1.1,8,aircraft_out,0,50,26,1031,4.9,0,29,1097,745.8,OPTIMAL,0,0.47,2,93.44,2,6.7,0,GREEDY,96.99,17,891.7,0,OPTIMAL,96.99,3,338.4,0,OPTIMAL
M,1.1,9,aircraft_out,0,50,32,1518,6.9,0,37,1611,2217.5,OPTIMAL,0,0.44,2,96.21,2,10.1,0,GREEDY,99.38,25,2062.7,0,OPTIMAL,98.01,3,456.9,0,OPTIMAL
